Field Day;
Green Man;
Wilderness;
Latitude;
Boomtown;
Houghton;
Roundhay;
Forwards Festival;
Benicàssim;
Dekmantel;
Rock in Rio;
Sziget;
Outlook
Montreux Jazz Festival;
Primavera Sound;
Tremor;
Exit Festival;
Tomorrowland;
Sónar;
NOS Alive;
Afro Nation;
Way Out West;
Burning Man;
Coachella;
Governors Ball;
Lollapalooza;
Mutek;
New Orleans Jazz and Heritage Festival;
Outside Lands;
South by Southwest;
MOGA;
WAV;
Fuji Rock;
Electric Daisy Carnival (EDC) Thailand;
Java Jazz Festival;
Tomorrowland Thailand;
Birdsville Big Red Bash;
Bahidorá;
Vive Latino;
Glastonbury;
